title_pt;title_en;year;rating;genre;sinopse
O Poderoso Chefão II;4. The Godfather Part II;1974;9.0;Policial;Em 1950, Michael Corleone, agora à frente da família, tenta expandir o negócio do crime a Las Vegas, Los Angeles e Cuba. Paralelamente, é revelada a história de Vito Corleone, e de como saiu da Sicília e chegou a Nova Iorque.
12 Homens e uma Sentença;5. 12 Angry Men;1957;9.0;Policial;O julgamento de um assassinato em Nova Iorque é frustrado por um único membro, cujo ceticismo força o júri a considerar cuidadosamente as evidências antes de dar o veredito.
A Lista de Schindler;6. Schindler's List;1993;9.0;Biografia;Na Polônia ocupada pelos alemães durante a Segunda Guerra Mundial, o industrial Oskar Schindler começa a ser preocupar com seus trabalhadores judeus depois de testemunhar sua perseguição pelos nazistas.
O Senhor dos Anéis: O Retorno do Rei;7. The Lord of the Rings: The Return of the King;2003;9.0;Ação;Gandalf e Aragorn lideram o Mundo dos Homens contra o exército de Sauron para desviar o olhar de Frodo e Sam quando eles se aproximam á Montanha da Perdição com o Um Anel.
O Senhor dos Anéis: A Sociedade do Anel;9. The Lord of the Rings: The Fellowship of the Ring;2001;8.8;Ação;Um manso hobbit do Condado e oito companheiros partem em uma jornada para destruir o poderoso Um Anel e salvar a Terra-média das Trevas.
Três Homens em Conflito;10. The Good, the Bad and the Ugly;1966;8.8;Aventura;Um impostor se junta com dois homens para encontrar fortuna num remoto cemitério.
Forrest Gump: O Contador de Histórias;11. Forrest Gump;1994;8.8;Drama;Os governos dos presidentes Kennedy e Johnson, os eventos do Vietnã e Watergate e outras histórias são mostradas através da perspectiva de um homem do Alabama com baixo quociente intelectual.
Clube da Luta;12. Fight Club;1999;8.8;Drama;Um trabalhador de escritório e um fabricante de sabonetes formam um clube de luta clandestino que evolui para algo muito maior.
O Senhor dos Anéis: As Duas Torres;13. The Lord of the Rings: The Two Towers;2002;8.8;Ação;Enquanto Frodo e Sam estão perto de Mordor com a ajuda de Gollum, a divida comunhão luta contra Saruman e os Isengards.
Star Wars: Episódio V - O Império Contra-Ataca;15. Star Wars: Episode V - The Empire Strikes Back;1980;8.7;Ação;Os rebeldes derrotaram o Império no planeta congelado Hoth. Luke Skywalker começa a treinar como um Jedi com Yoda, enquanto seus amigos são perseguidos por Darth Vader.
Matrix;16. The Matrix;1999;8.7;Ação;Um hacker aprende com os misteriosos rebeldes sobre a verdadeira natureza de sua realidade e seu papel na guerra contra seus controladores.
Os Bons Companheiros;17. Goodfellas;1990;8.7;Biografia;A historia do Henry Hill e sua vida na máfia, sua relação com sua esposa Karen Hill e seus colegas da máfia Jimmy Conway e Tommy DeVito no sindicato italo-americano do crime.
Um Estranho no Ninho;19. One Flew Over the Cuckoo's Nest;1975;8.7;Drama;Um criminoso alega insanidade para ser enviado a um centro de saúde mental, onde se rebela contra a opressiva enfermeira e mobiliza os pacientes a quem ela atemoriza.
Seven: Os Sete Crimes Capitais;20. Se7en;1995;8.6;Policial;Dois detetives, um novato e um veterano, perseguem um assassino em série que usa os sete pecados capitais como motivos.
A Felicidade Não se Compra;21. It's a Wonderful Life;1946;8.6;Drama;Um anjo é enviado dos céus para ajudar um homem de negócios desesperado em sua frustração, e mostra a ele como seria a vida se nunca tivesse existido.
Os Sete Samurais;22. Seven Samurai;1954;8.6;Ação;Uma aldeia pobre sob a ameaça de bandidos recruta sete samurais para ajudá-los a se defenderem.
O Silêncio dos Inocentes;23. The Silence of the Lambs;1991;8.6;Policial;Uma jovem deve receber a ajuda de um assassino canibal manipulador e preso para ajudar a capturar outro assassino em série, um louco que ataca suas vítimas.
O Resgate do Soldado Ryan;25. Saving Private Ryan;1998;8.6;Drama;Depois de chegar a Normandía, um grupo de soldados precisam encontrar ao unico irmão vivo de tres que morreram na guerra.
Cidade de Deus;26. City of God;2002;8.6;Policial;Os caminhos de duas crianças divergem nas favelas do Rio, enquanto um se esforça para se tornar um fotógrafo e o outro um chefe do tráfico.
A Vida é Bela;27. Life Is Beautiful;1997;8.6;Comédia;Quando um bibliotecário judeu e seu filho se tornarem vítimas do Holocausto, ele usará uma mistura perfeita de vontade, humor e imaginação para proteger seu filho dos perigos do campo de concentração.
À Espera de um Milagre;28. The Green Mile;1999;8.6;Policial;As vidas dos guardas de corredor da morte são afetadas por um dos detidos: um homem afro-americano acusado pelo assassinato e estupro de uma criança, mas com um presente misterioso.
Star Wars: Episódio IV - Uma Nova Esperança;29. Star Wars: Episode IV - A New Hope;1977;8.6;Ação;Luke Skywalker une forças com um cabaleiro Jedi, um arrogante piloto é dois dróides para salvar a galaxia enquanto tentam salvar a princesa Leia do misterioso Darth Vader.
O Exterminador do Futuro 2: O Julgamento Final;30. Terminator 2: Judgment Day;1991;8.6;Ação;Um ciborgue, idêntico àquele que não conseguiu matar Sarah Connor, deve agora proteger seu filho adolescente, John Connor, de um ciborgue mais avançado e poderoso.
De Volta para o Futuro;31. Back to the Future;1985;8.5;Aventura;Marty McFly viaja para 1955 com a máquina do tempo do cientista Dr. Brown. Ele deve garantir que seus pais se apaixonem, para não arriscar sua própria existência.
A Viagem de Chihiro;32. Spirited Away;2001;8.6;Animação;Durante a mudança de casa, uma menina de dez anos se maravilha num mundo de dioses, bruxas e espíritus e onde os humanos são transformados em bestas.
O Pianista;33. The Pianist;2002;8.5;Biografia;Um musico judeu luta para sobreviver a destruição de Varsóvia durante a segunda guerra mundial.
Psicose;34. Psycho;1960;8.5;Terror;Uma secretária de Phoenix desvia dinheiro de um cliente de sua empresa, foge e vai a um motel remoto gerido por um jovem sob o domínio da mãe.
Parasita;35. Parasite;2019;8.5;Drama;Desempregados, a família de Ki-taek (Song Kang-ho) nutre um interesse peculiar pela família Park até que eles se veem presos em um inesperado incidente.
O Rei Leão;38. The Lion King;1994;8.5;Animação;Um pequeno lion é obrigado por seu tío a fugir de casa e anos depois se da conta da sua identidade e suas responsabilidades.
O Profissional;39. Léon: The Professional;1994;8.5;Ação;Mathilda, uma menina de 12 anos é levada por Léon, um assassino profissional, depois que sua família é assassinada. Léon e Mathilda formam uma relação incomum, desde que ela se torna sua protegida.
A Outra História Americana;40. American History X;1998;8.5;Policial;Um neonazista tenta evitar que seu irmão mais novo tome o mesmo caminho errado que ele.
Os Infiltrados;41. The Departed;2006;8.5;Policial;Um policial disfarçado e um espião estão tentando se identificar enquanto se infiltram em uma gangue irlandesa no sul de Boston.
Whiplash: Em Busca da Perfeição;42. Whiplash;2014;8.5;Drama;Um jovem e promissor baterista se matricula em um conservatório de música onde seus sonhos são guiados por um instrutor que não pára por nada para perceber o potencial de um aluno.
O Grande Truque;43. The Prestige;2006;8.5;Drama;Depois de um trágico acidente, dois magos do palco se engajam em uma batalha para criar a ilusão final enquanto sacrificam tudo o que têm para enganar um ao outro.
Túmulo dos Vagalumes;45. Grave of the Fireflies;1988;8.5;Animação;Um menino e sua irmã tentam sobreviver no Japão durante a Segunda Guerra Mundial.
Casablanca;46. Casablanca;1942;8.5;Drama;O proprietário cético de uma boate protege um antigo amor e seu marido dos nazistas no Marrocos.
Harakiri;47. Harakiri;1962;8.6;Ação;Um velho samurai ronin chega à casa de um senhor feudal e pede um lugar honroso para cometer suicídio. Mas quando o ronin pede um samurai mais jovem que chegou antes, os eventos seguem um curso inesperado.
Intocáveis;48. The Intouchables;2011;8.5;Biografia;Depois de ficar tetraplégico num acidente, um aristocrata contrata um jovem de um bairro pobre para cuidar dele.
Tempos Modernos;49. Modern Times;1936;8.5;Comédia;Um vagabundo luta para viver na sociedade industrial moderna com a ajuda de uma jovem.
Cinema Paradiso;50. Cinema Paradiso;1988;8.5;Drama;Um diretor de cinema lembra como, em sua infância, ele se apaixonou pelo cinema de sua cidade e iniciou uma profunda amizade com o projecionista.
Era uma Vez no Oeste;51. Once Upon a Time in the West;1968;8.5;Faroeste;Um misterioso estranhoe se junta com um bandido para proteger a uma viúva.
Janela Indiscreta;52. Rear Window;1954;8.5;Mistério;Um fotógrafo em uma cadeira de rodas espiona seus vizinhos pela janela de seu apartamento e está convencido de que um deles cometeu um assassinato.
Alien - O 8º Passageiro;53. Alien;1979;8.5;Terror;Depois que um navio mercante do espaço percebe uma transmissão desconhecida como uma chamada de socorro, encontra um dos tripulantes atacado por um misterioso modo de vida, e logo percebem que seu ciclo de vida simplesmente começou.
Luzes da Cidade;54. City Lights;1931;8.5;Comédia;Com a ajuda de um homem rico, bêbado e imprevisível, um vagabundo ingênuo que se apaixonou por uma florista cega tenta conseguir dinheiro para fornecer ajuda médica.
Apocalypse Now;55. Apocalypse Now;1979;8.4;Drama;Um oficial do exército dos Estados Unidos no Vietnã é encarregado de assassinar a um coronel que acredita ser um deus.
Amnésia;56. Memento;2000;8.4;Mistério;Um homem com perda da memória de curto prazo tenta investigar o homicídio da sua esposa.
Django Livre;57. Django Unchained;2012;8.5;Drama;Com a ajuda de um caçador de recompensas alemão, um escravo libertado sai para resgatar sua esposa de um brutal dono de uma plantação no Mississipi.
Os Caçadores da Arca Perdida;58. Indiana Jones and the Raiders of the Lost Ark;1981;8.4;Ação;Em 1936 o archeologista e aventurero Indiana Jones é contratado pelo governo dos Estados Unidos para procurar pelo Pacto da Arca, antes que os nazis o tenham primeiro.
WALL·E;59. WALL·E;2008;8.4;Animação;Num futuro distante, um pequeno robô faz uma viagem que decidirá o destino da humanidade.
A Vida dos Outros;60. The Lives of Others;2006;8.4;Drama;Em 1984, em Berlim Oriental, um agente da polícia secreta que cuida de um escritor e sua mulher se vê cada vez mais absorvido em suas vidas.
Crepúsculo dos Deuses;61. Sunset Blvd.;1950;8.4;Drama;Um roteirista estabelece uma relação com uma fracasada estrela de cinema que quer voltar aos filmes.
Glória Feita de Sangue;62. Paths of Glory;1957;8.4;Drama;Depois de se recusar a atacar uma posição inimiga, um general acusa os soldados da covardia e seu comandante deve defendê-los.
Vingadores: Guerra Infinita;63. Avengers: Infinity War;2018;8.4;Ação;Os Vingadores e seus aliados deverão sacrificar tudo em uma tentativa de derrotar o poderoso Thanos antes que sua explosão de devastação ponha fim ao universo.
O Iluminado;64. The Shining;1980;8.4;Drama;Uma família se dirige a um hotel isolado para o inverno, onde uma presença sinistra influencia a violência do pai, enquanto seu filho psíquico vê presságios horríveis do passado e do futuro.
O Grande Ditador;65. The Great Dictator;1940;8.4;Comédia;O ditador Hynkel tenta expandir seu império enquanto um pobre barbeiro judeu tenta evitar a perseguição do regime de Hynkel.
Testemunha de Acusação;66. Witness for the Prosecution;1957;8.4;Policial;Um veterano advogado britânico deve defender seu cliente em um julgamento de assassinato que tem surpresa após surpresa.
Homem-Aranha: No Aranhaverso;67. Spider-Man: Into the Spider-Verse;2018;8.4;Animação;Um jovem se torna o Homem Aranha de sua realidade, cruzando seu caminho com cinco colegas de outras dimensões para impedir uma ameaça a todas as realidades.
Aliens, O Resgate;68. Aliens;1986;8.4;Ação;Ellen Ripley é salvada depois de estar dormida por 57 anos. A luna que o Nostromo visitou foi colonizada mas o contado se perdeu.
Beleza Americana;69. American Beauty;1999;8.3;Drama;Um pai sexualmente frustrado tem uma crise existencial depois de conhecer a melhor amiga da sua filha.
Batman: O Cavaleiro das Trevas Ressurge;70. The Dark Knight Rises;2012;8.4;Ação;Oito anos depois da anarquia do Coringa, Batman com ajuda da Mulher Gato, tentam salvar Gotham do terrorista Bane.
Bastardos Inglórios;71. Inglourious Basterds;2009;8.3;Aventura;Na França ocupada pelos nazistas durante a Segunda Guerra Mundial, um plano para assassinar líderes nazistas por parte de um grupo de soldados judeus dos EUA coincide com os planos de vingança da dona de uma sala de cinema.
Dr. Fantástico;72. Dr. Strangelove or: How I Learned to Stop Worrying and Love the Bomb;1964;8.4;Comédia;Um general alienado provoca um potencial holocausto nuclear que uma sala de guerra cheia de políticos e generais tenta freneticamente parar.
Oldboy;73. Oldboy;2003;8.4;Ação;Depois de ter sido raptado e preso por quinze anos, Oh Dae-Su é libertado, e descobre que tem 5 dias para encontrar seu sequestrador.
Viva: A Vida é uma Festa;74. Coco;2017;8.4;Animação;Miguel entra na terra dos mortos para encontrar a seu bisavó quem era um lendário cantante.
Amadeus;75. Amadeus;1984;8.4;Biografia;A vida, sucessos e tribulações de Wolfgang Amadeus Mozart de acordo com Antonio Salieri, um compositor que era contemporâneo, que sempre teve ciúmes dele e que alegou tê-lo matado.
Toy Story;76. Toy Story;1995;8.3;Animação;Um brinquedo do cauboi se sente profundamente ameaçado e celoso quando um brinquedo patrulheiro espacial passa a ter mais atençao do garoto.
Coração Valente;77. Braveheart;1995;8.3;Biografia;Quando sua noiva en segredo é assassinada, William Wallace comença uma revolta contra o rey Eduardo I da Inglaterra.
O Barco: Inferno no Mar;78. Das Boot;1981;8.4;Drama;O mundo claustrofóbico de um submarino da Segunda Guerra Mundial, cheio de tédio, sujeira e terror.
Coringa;79. Joker;2019;8.4;Policial;Um comediante falido enlouquece e se torna um assassino psicopata.
Vingadores: Ultimato;80. Avengers: Endgame;2019;8.4;Ação;Após os eventos devastadores de Vingadores: Guerra Infinita , o universo está em ruínas, e com a ajuda de aliados os Vingadores se reúnem para desfazer as ações de Thanos e restaurar a ordem.
Princesa Mononoke;81. Princess Mononoke;1997;8.3;Animação;Numa viagem para descobrir a cura contra a maldição de Tatarigami, Ashitaka, se encontra uma guerra entre os deuses da foresta e Tatara, uma colônia mineira.
Gênio Indomável;82. Good Will Hunting;1997;8.3;Drama;Will Hunting, um zelador duma Universidade, tem habilidades para a matemática, mas precisa da ajuda dum psicólogo para encontrar seu propósito.
Era uma Vez na América;83. Once Upon a Time in America;1984;8.3;Policial;Um ex criminal judeu da época da proibição volta a Manhattan onde deberá confrontar seu pasado.
Your Name.;84. Your Name.;2016;8.4;Animação;Dois estranhos estão ligados de uma maneira bizarra, mais quando uma conexão é formada, a distância será a única coisa que os manterá separados?
3 Idiotas;85. 3 Idiots;2009;8.4;Comédia;Dois amigos procuram seu companheiro perdido. Eles se lembram de seus dias de faculdade e como seu amigo os inspirou a pensar de maneira diferente, mesmo quando o resto do mundo os chamava idiotas.
Céu E Inferno;86. High and Low;1963;8.4;Policial;Um executivo de uma empresa de calçados torna-se vítima de extorsão quando o filho de seu motorista é sequestrado e retido para resgate.
Cantando na Chuva;87. Singin' in the Rain;1952;8.3;Comédia;Uma produtora de cinema e elenco fazem uma transição difíci.
Réquiem para um Sonho;88. Requiem for a Dream;2000;8.3;Drama;As utopias causadas pelo uso de drogas em quatro pessoas de Coney Island se rompem quando seus vícios as dominam.
Cafarnaum;89. Capernaum;2018;8.4;Drama;Ao cumprir uma sentença de cinco anos por um crime violento, uma criança de 12 anos processou seus pais por negligência.
Toy Story 3;90. Toy Story 3;2010;8.3;Animação;Os brinquedos são dados por erro a uma creche, Woody junto com os outros brinquedos tentaram voltar a casa do Andy.
Vá e Veja;91. Come and See;1985;8.4;Drama;Depois de encontrar uma arma, um jovem se une as forças da resistença russa contra os alemães na segunda guerra mundial.
Star Wars, Episódio VI: O Retorno do Jedi;92. Star Wars: Episode VI - Return of the Jedi;1983;8.3;Ação;Depois de uma missão ousada para resgatar Han Solo da cabana de Jabba, os rebeldes partem para fazer Endor destruir a mais poderosa Estrela da Morte. Enquanto isso, Luke tenta trazer Darth Vader de volta do lado negro, sem cair na armadilha do Imperador.
Brilho Eterno de uma Mente sem Lembranças;93. Eternal Sunshine of the Spotless Mind;2004;8.3;Drama;Quando sua relaçao se volta complicada, um casal tenta um procedimento médico para que suas memorias sejam apagadas.
2001: Uma Odisséia no Espaço;94. 2001: A Space Odyssey;1968;8.3;Aventura;Trás descobrir um misterioso artefato na superfície da Lua, a humanidade tenta encontrar seus origens com a ajuda da inteligença do ordernador HAL 9000.
A Caça;95. The Hunt;2012;8.3;Drama;Um professor vive uma vida solitária enquanto luta pela custódia de seu filho. Sua vida melhora lentamente quando ele encontra o amor e recebe boas notícias de seu filho, mas sua sorte está prestes a mudar por uma pequena mentira inocente.
Cães de Aluguel;96. Reservoir Dogs;1992;8.3;Policial;Quando um simples roubo de jóias dá errado, os criminosos sobreviventes começam a suspeitar que um deles é um informante da polícia.
Viver;97. Ikiru;1952;8.3;Drama;Depois de descobrir que tem câncer terminal, um burocrata tenta encontrar um sentido para sua vida.
Lawrence da Arábia;98. Lawrence of Arabia;1962;8.3;Aventura;A história de T. E. Lawrence, o oficial inglês que conseguiu unir e liderar várias tribos árabes, durante a Primeira Guerra Mundial para lutar contra os turcos.
Cidadão Kane;99. Citizen Kane;1941;8.3;Drama;Após a morte de um magnata na indústria editorial, jornalistas correm para descobrir o significado da última palavra que ele pronunciou.
M, o Vampiro de Dusseldorf;100. M;1931;8.3;Policial;Quando a polícia de uma cidade alemã não consegue encontrar um assassino de crianças, outros criminosos decidem ajudar na caçada humana.
Intriga Internacional;101. North by Northwest;1959;8.3;Ação;Um executivo de publicidade de Nova Iorque tem que fugir quando é confundido por um agente de governo.
Se Meu Apartamento Falasse;102. The Apartment;1960;8.3;Comédia;Um homem tenta subir na empresa permitindo que seus executivos usem seu apartamento para encontros, mas surgem complicações e um romance próprio.
Um Corpo que Cai;103. Vertigo;1958;8.3;Mistério;Um ex-policial luta contra seus demônios enquanto está obcecado por uma mulher bonita.
Pacto de Sangue;104. Double Indemnity;1944;8.3;Policial;Um agente de seguros se deixa convencer de um esquema de assassinato e fraude, o que desperta a suspeita de um investigador.
O Fabuloso Destino de Amélie Poulain;105. Amélie;2001;8.3;Comédia;Amélie é uma parisiense ingênua com seu próprio senso de justiça. Ela decide ajudar as pessoas ao seu redor e, no caminho, descobre o amor.
Scarface;106. Scarface;1983;8.3;Policial;Em Miamo em 1980, um imigrante cubano toma o control dum cartel de drogas.
Nascido para Matar;107. Full Metal Jacket;1987;8.3;Drama;Um marinho dos Estados Unidos nota os deshumanizantes efeitos da guerra do Vietnã em seus colegas.
Laranja Mecânica;108. A Clockwork Orange;1971;8.3;Policial;No futuro, um jovem líder de gang é levado para prisão e decide ser voluntário em um experimento, mas os resultados não são os esperados.
Incêndios;109. Incendies;2010;8.3;Drama;Os gêmeos viajam para o Oriente Médio para descobrir sua história familiar e cumprir os últimos desejos de sua mãe.
Hamilton;110. Hamilton;2020;8.3;Biografia;A vida de um dos maiores fundadores e primeiro secretário do Tesouro da América, Alexander Hamilton.
Up: Altas Aventuras;112. Up;2009;8.3;Animação;Carl Fredricksen, de 78 anos, viaja a Paraside Falls com sua casa e inadvertidamente leva um menino com ele.
O Sol é para Todos;113. To Kill a Mockingbird;1962;8.3;Policial;Atticus Finch, um advogado no sul da era da Depressão, defende um homem negro contra uma acusação de estupro imerecida, e seus filhos contra o preconceito.
Golpe de Mestre;114. The Sting;1973;8.3;Comédia;Dois golpistas se reúnem para obter o melhor golpe.
A Separação;115. A Separation;2011;8.3;Drama;Um casal é confrontado com uma decisão difícil, melhorar a vida de seu filho mudando-se para outro país ou ficar no Irã e cuidar de um pai que se deteriora e com Alzheimer.
Indiana Jones e a Última Cruzada;116. Indiana Jones and the Last Crusade;1989;8.2;Ação;"Em 1938, depois que seu pai, o professor Henry Jones, desaparece enquanto persegue o Santo Graal, o professor Henry ""Indiana"" Jones, Jr. se encontra contra os nazistas de Adolf Hitler."
Metrópolis;117. Metropolis;1927;8.3;Drama;Numa cidade futurística dividida entre os trabalhadores e os planejadores, o filho do maior planejador se apaixona por uma trabalhadora.
Duro de Matar;118. Die Hard;1988;8.2;Ação;John McClane, agente do departamento de polícia de Nova York, tenta salvar sua esposa, Holly Gennaro, e outras pessoas que o terrorista alemão Hans Gruber tomou como reféns durante a festa de Natal no Nakatomi Plaza, em Los Angeles.
Los Angeles: Cidade Proibida;119. L.A. Confidential;1997;8.2;Policial;A corrupção cresce em Los Angeles nos anos 50. Três policiais estão investigando uma série de assassinatos com sua própria marca de justiça.
Ladrões de Bicicletas;120. Bicycle Thieves;1948;8.3;Drama;Na Itália da pós-guerra a bicicleta de um homem da classe trabalhadora é roubada. Ele e o filho partiram para encontrá-la.
Snatch: Porcos e Diamantes;121. Snatch;2000;8.2;Comédia;Segue a luta de criminais tráis um diamante como nenhum outro nu mundo.
Como Estrelas na Terra;122. Like Stars on Earth;2007;8.3;Drama;Um garoto de oito anos é acusado de ser problemático e preguiçoso, até que o novo professor de arte tem a paciência e compaixão para descobrir o verdadeiro problema por trás de suas lutas na escola.
Taxi Driver: Motorista de Táxi;123. Taxi Driver;1976;8.2;Policial;Um veterano de guerra com problemas mentais trabalha de noite como condutor de táxi na cidade de Nova Iorque, onde experimenta violência e perigo ao tentar ajudar um trabalhador e uma prostituta.
1917;124. 1917;2019;8.2;Ação;Trama desconhecida. O filme será de 1917 durante a primeira guerra mundial.
A Queda! As Últimas Horas de Hitler;125. Downfall;2004;8.2;Biografia;O último secretário de Hitler relata seus últimos dias em seu bunker de Berlim no final da Segunda Guerra Mundial.
Dangal;126. Dangal;2016;8.3;Ação;O lutador Mahavir e suas filhas lutadoras procuram a gloria contra a opressão social nos jogos do Commonwealth.
Por uns Dólares a Mais;128. For a Few Dollars More;1965;8.2;Drama;Dois caçadores de recompensas com as mesmas intenções se reúnem para encontrar um criminoso ocidental.
Batman Begins;129. Batman Begins;2005;8.2;Ação;Depois do treinamento, Batman comença a luta contra o crime e corrupçao en Gotham.
Quanto Mais Quente Melhor;130. Some Like It Hot;1959;8.2;Comédia;Dos músicos son testigos de un crimen y se dan a la fuga disfrazados de mujeres en una banda femenina, pero las cosas se complican.
O Garoto;131. The Kid;1921;8.2;Comédia;Um mendigo cuida de uma criança abandonada, mas os eventos ameaçam esse relacionamento.
Meu Pai;133. The Father;2020;8.2;Drama;Um homem recusa toda a ajuda de sua filha à medida que envelhece. Ao tentar entender as mudanças nas circunstâncias, ele começa a duvidar dos seus entes queridos, da sua própria mente e até mesmo da estrutura de sua realidade.
Green Book: O Guia;134. Green Book;2018;8.2;Biografia;Um valentão ítalo-americano se torna o motorista de um pianista afro-americano em um tour no sul dos Estados Unidos nos anos sessenta.
A Malvada;135. All About Eve;1950;8.2;Drama;Uma ingênua se insinua na vida de uma atriz de teatro, e de seu círculo de amigas de teatro.
Julgamento em Nuremberg;136. Judgment at Nuremberg;1961;8.3;Drama;Em 1948, um tribunal dos Estados Unidos na Alemanha ocupada julga quatro nazistas por crimes de guerra.
O Show de Truman: O Show da Vida;137. The Truman Show;1998;8.2;Comédia;Um vendedor de seguros descobre que sua vida é um programa de televisão.
Ran;138. Ran;1985;8.2;Ação;No Japão medieval, um senhor feudal decide abdicar e entregar seus domínios aos seus três filhos. Mas ele não é capaz de ver que esses novos poderes irão corrompê-los e levá-los a enfrentar um ao outro, e contra ele.
Sangue Negro;139. There Will Be Blood;2007;8.2;Drama;Uma história sobre familia, religião, ódio e loucura, centrada na vida de um explorador de petróleo nos primeiros anos do negócio.
Cassino;140. Casino;1995;8.2;Policial;Uma história de ganância, dinheiro e assassinato acontece entre dois melhores amigos: um mafioso e um executivo de cassino, que competem uns com os outros por um império de jogo e pelo amor de uma socialite.
Ilha do Medo;141. Shutter Island;2010;8.2;Mistério;Em 1945, um policial federal dos Estados Unidos investiga o desaparecimento de um assassino que escapou de um hospital psiquiátrico.
O Labirinto do Fauno;142. Pan's Labyrinth;2006;8.2;Drama;Na Espanha de 1944, a filha dum oficial do exército escapa a um mundo de fantasia.
Os Imperdoáveis;143. Unforgiven;1992;8.2;Drama;O atirador do Velho Oeste, William Munny, relutantemente aceita um último trabalho com a ajuda de seu antigo amigo e um jovem.
O Sexto Sentido;144. The Sixth Sense;1999;8.2;Drama;Um menino que consegue se comunicar com espíritos encontra ajuda de um psicólogo.
Uma Mente Brilhante;146. A Beautiful Mind;2001;8.2;Biografia;A vida do brilhante mas insociável matemático John Nash muda quando ele aceita um trabalho secreto em criptografia.
O Tesouro da Sierra Madre;147. The Treasure of the Sierra Madre;1947;8.2;Aventura;Dois americanos em busca de trabalho no México convencem um homem a ajudá-los a extrair ouro nas montanhas da Serra Madre.
Yojimbo, o Guarda-Costas;148. Yojimbo;1961;8.2;Ação;Um astuto ronin chega a uma cidade dividida por duas quadrilhas criminosas e decide se confrontar para libertar a cidade.
Onde os Fracos Não Têm Vez;149. No Country for Old Men;2007;8.2;Policial;Violência e caos surgem quando um caçador se depara com uma negociação de drogas que deu errado e mais de dois milhões de dólares perto do Rio Grande.
Monty Python em Busca do Cálice Sagrado;150. Monty Python and the Holy Grail;1975;8.2;Aventura;O Rei Arthur e seus Cavaleiros da Távola Redonda embarcam em uma busca surrealista e de baixo orçamento pelo Santo Graal, encontrando múltiplos obstáculos estúpidos.
Kill Bill: Volume 1;151. Kill Bill: Vol. 1;2003;8.2;Ação;Depois de despertar de um coma de quatro anos, uma antiga assassina busca vingança contra o grupo de assassinos que a traiu.
Fugindo do Inferno;152. The Great Escape;1963;8.2;Aventura;Prisioneiros de guerra aliados planejam uma fuga maciça de um campo alemão durante a Segunda Guerra Mundial.
O Enigma de Outro Mundo;153. The Thing;1982;8.2;Terror;Um team de investigação na Antartica é perseguido por extraterrestres.
Rashomon;154. Rashomon;1950;8.2;Policial;A violação de uma noiva e o assassinato de seu marido samurai são lembrados desde a perspectiva de um bandido, da noiva, do fantasma do samurai e de um lenhador.
Procurando Nemo;155. Finding Nemo;2003;8.2;Animação;Quando seu filho é capturado, um peixe-palhaço tímido embarca em uma viagem para trazê-lo para casa.
O Homem Elefante;156. The Elephant Man;1980;8.2;Biografia;Um famoso médico estuda a um jovem com a cara deformada, conhecido como Homem Elefante, ele se da conta que o homem é inteligente e de bom coração.
Chinatown;157. Chinatown;1974;8.2;Drama;Um detetive particular contratado para desmascarar um adúltero é pego em uma teia de fraude, corrupção e assassinato.
Homem-Aranha: Sem Volta para Casa;158. Spider-Man: No Way Home;2021;8.2;Ação;Com a identidade do Homem-Aranha revelada, Peter pede ajuda ao Doutor Strange. Quando um feitiço corre mal, inimigos perigosos de outros mundos começam a aparecer, forçando Peter a descobrir o que realmente significa ser o Homem-Aranha.
V de Vingança;159. V for Vendetta;2005;8.2;Ação;Em um futuro da tirania britânica, um lutador clandestino conhecido como V trama um plano para derrubá-la com a ajuda de uma jovem mulher.
...E o Vento Levou;160. Gone with the Wind;1939;8.2;Drama;Uma mulher manipuladora e uma truhan embarcam em um romance turbulento durante a Guerra Civil Americana e o período da Reconstrução.
Touro Indomável;161. Raging Bull;1980;8.1;Biografia;A vida do boxeador Jake LaMotta, que vê como a violência e temperamento que o levam ao topo do ringue, destroem sua vida fora dele.
Disque M para Matar;162. Dial M for Murder;1954;8.2;Policial;Um ex-tenista decide matar a esposa para herdar o dinheiro dela e se vingar de um caso que ela havia tido. A fim de se livrar de culpas, usa um antigo colega de faculdade. Mas as coisas não vão correr como estava planeado.
O Castelo Animado;163. Howl's Moving Castle;2004;8.2;Animação;Uma jovem sem autoconfiança é amaldiçoada com um corpo envelhecido por uma bruxa odiosa. Sua única chance de quebrar o feitiço é um jovem feiticeiro em um castelo itinerante.
Jogos, Trapaças e Dois Canos Fumegantes;164. Lock, Stock and Two Smoking Barrels;1998;8.1;Ação;Um jogo de cartas em Londres desencadeia um confronto entre quatro amigos, plantadores de maconha, agiotas e cobradores de dívidas em uma série de eventos curiosos, tudo por algo de maria, dinheiro e duas pistolas antigas.
O Segredo dos Seus Olhos;165. The Secret in Their Eyes;2009;8.2;Drama;Um assessor jurídico aposentado escreve um romance com a esperança de fechar um de seus antigos casos de homicídio, que permanece sem solução, e superar o amor não correspondido que sentia por seu chefe. Décadas depois, ambas as memórias continuam a persegui-lo.
Divertida Mente;166. Inside Out;2015;8.1;Animação;Quando o jovem Riley se muda á San Francisco deberá lidiar com suas emoções.
Os Suspeitos;167. Prisoners;2013;8.1;Policial;Quando a filha de Keller Dover e sua amiguinha desaparecem, ele decide investigar o caso por sua conta enquanto a polícia segue múltiplas pistas e a pressão para resolver o caso aumenta.
Três Anúncios para um Crime;168. Three Billboards Outside Ebbing, Missouri;2017;8.1;Comédia;Uma mãe desafia pessoalmente as autoridades locais para resolver o assassinato de sua filha.
A Ponte do Rio Kwai;169. The Bridge on the River Kwai;1957;8.1;Aventura;Depois de resolver suas diferenças com um japonês, o comandante do campo, um coronel britânico, coopera para supervisionar a construção de uma ponte ferroviária.
Trainspotting: Sem Limites;170. Trainspotting;1996;8.1;Drama;Renton, profundamente imerso no mundo das drogas em Edimburgo, tenta sair do ambiente apesar da má influência dos amigos.
Fargo: Uma Comédia de Erros;171. Fargo;1996;8.1;Policial;O crime de Jerry Lundegaard se desfaz devido à falta de sorte dele e de seus colegas e ao persistente trabalho polícia.
Guerreiro;172. Warrior;2011;8.1;Ação;O filho pequeno de um exboxer alcoólatra volta para casa, onde seu pai o treina para um torneio de artes marciais mistas.
Gran Torino;173. Gran Torino;2008;8.1;Drama;Walt Kowalski, um ranzinza veterano da guerra da Coreia, tenta dar uma lição em seu vizinho quando este tentar roubar seu bem mais precioso: um Gran Torino de 1972.
Prenda-me se for Capaz;174. Catch Me If You Can;2002;8.1;Biografia;Um agente do FBI persegue Frank Abagnale, que antes de seus 19 anos consegue ganhar milhões de dólares fingindo ser um piloto, um médico e um advogado.
Meu Amigo Totoro;175. My Neighbor Totoro;1988;8.1;Animação;Quando duas meninas se mudam para o campo para ficar perto de sua mãe doente, elas têm aventuras com os maravilhosos espíritos da floresta que moram nas proximidades.
Menina de Ouro;176. Million Dollar Baby;2004;8.1;Drama;Uma mulher determinada se prepara para se tornar numa pugilista profissional.
Klaus;177. Klaus;2019;8.2;Animação;Um simples ato de bondade sempre provoca outro, mesmo em um lugar gelado e distante. Quando o novo carteiro de Smeerensburg faz amizade com o fabricante de brinquedos Klaus, seus presentes derreteram uma antiga inimizade.
Filhos do Paraíso;178. Children of Heaven;1997;8.2;Drama;Depois que uma criança perde o par de sapatos de sua irmã, ele embarca em uma série de aventuras para encontrá-los. Quando não consegue, ele tenta uma nova maneira de procurá-los.
Harry Potter e as Relíquias da Morte - Parte 2;179. Harry Potter and the Deathly Hallows: Part 2;2011;8.1;Aventura;Harry, Ron e Hermione devem escapar a Voldemort e tentar trabalhar em conjunto para localizar e aniquilar os Horcruxes, que contêm pedaços da alma de Voldemort.
Blade Runner: O Caçador de Androides;180. Blade Runner;1982;8.1;Ação;Um corredor deberá perseguir é acabar com quatro replicantes que roubaram uma nave no espaço, e deberá regresar á Terra e encontrar seu criador.
12 Anos de Escravidão;181. 12 Years a Slave;2013;8.1;Biografia;Solomon Northup, um homem preto livre de Nova Iorque, é raptado e vendido como escravo.
Antes do Amanhecer;182. Before Sunrise;1995;8.1;Drama;Um jovem e uma mulher se conhecem num trem em Europa é passam uma noite juntos em Viena.
Em Busca do Ouro;183. The Gold Rush;1925;8.1;Aventura;Um garimpeiro vai ao Klondike em busca de ouro e encontra muito mais que isso.
O Grande Hotel Budapeste;184. The Grand Budapest Hotel;2014;8.1;Aventura;As aventuras de Gustave H, um lendário porteiro dum famoso hotel da ficcional República de Zubrowka entre a primeira y a segunda guerra mundial.
Ben-Hur;185. Ben-Hur;1959;8.1;Aventura;Quando um príncipe de Jerusalém é traído e enviado à escravidão por um amigo romano, ele recupera sua liberdade e retorna para se vingar.
Garota Exemplar;186. Gone Girl;2014;8.1;Drama;Desde que o desaparecimento de sua esposa se tornou o foco de um intenso circo da mídia, um homem vê como esta se concentra nele quando suspeitam que pode não ser inocente.
Sindicato de Ladrões;187. On the Waterfront;1954;8.1;Policial;Um ex-lutador que virou lutador enfrenta seus chefes corruptos.
Barry Lyndon;188. Barry Lyndon;1975;8.1;Aventura;Um irlandês conquista o coração de uma viúva rica e assume a posição aristocrática de seu falecido marido na Inglaterra do século XVIII.
Até o Último Homem;189. Hacksaw Ridge;2016;8.1;Biografia;O médico amaericano da Segunda Guerra Mundial, Desmond T. Doss, se recusa a matar pessoas e se torna o primeiro homem na história dos Estados Unidos a receber a Medalha de Honra sem atirar um tiro.
Em Nome do Pai;190. In the Name of the Father;1993;8.1;Biografia;Em 1974, uma explosão a bomba acontece em Guilford, próximo de Londres. Gerry Conlon e amigos são acusados pelo crime e presos. Giuseppe Conlon, pai de Gerry, pede ajuda à advogada Gareth Peirce, que investiga as irregularidades do caso.
A General;191. The General;1926;8.1;Ação;Uns espiões roubam a amada locomotiva de um engenheiro, ele a persegue sozinho através das linhas inimigas.
O Franco Atirador;192. The Deer Hunter;1978;8.1;Drama;Um retrato detalhado das maneiras pelas quais a Guerra do Vietnã interrompeu a vida dos habitantes de uma pequena cidade industrial na Pensilvânia.
Morangos Silvestres;193. Wild Strawberries;1957;8.1;Drama;Depois de viver uma vida marcada pela frieza, um professor idoso é forçado a confrontar o vazio de sua existência.
Memórias de um Assassino;194. Memories of Murder;2003;8.1;Policial;Em uma pequena província coreana em 1986, três detetives estão procurando o culpado de uma série de estupros e assassinatos de mulheres jovens.
O 3º Homem;195. The Third Man;1949;8.1;Filme noir;O romancista Holly Martins viaja para sombria, Viena pós-guerra, apenas para ele mesmo investigar a misteriosa morte de um velho amigo, Harry Lime
O Salário do Medo;196. The Wages of Fear;1953;8.2;Aventura;Em uma aldeia da América do Sul, quatro homens são contratados para transportar uma remessa urgente de nitroglicerina, mas sem o equipamento de segurança.
Relatos Selvagens;197. Wild Tales;2014;8.1;Comédia;Sies historias curtas que exploram o comportamento humano de pessoas desesperadas.
Bancando o Águia;198. Sherlock Jr.;1924;8.2;Ação;Um projecionista de cinema deseja ser um detetive e coloca suas magras habilidades em prática quando um rival o incrimina por roubar o relógio de bolso do pai de sua namorada.
Mad Max: Estrada da Fúria;199. Mad Max: Fury Road;2015;8.1;Ação;Num mundo apocalíptico, uma mulher se rebela contra um tirano ao procurar uma nova casa para um grupo de mulheres prisioneiras com a ajuda dum homem chamado Max.
Sociedade dos Poetas Mortos;200. Dead Poets Society;1989;8.1;Comédia;O professor de Inglés John Keating inspira a seus estudantes a ver a poesia duma perspectiva diferente.
A Mulher Faz o Homem;201. Mr. Smith Goes to Washington;1939;8.1;Comédia;Um homem ingênuo é eleito para ocupar uma vaga no Senado dos Estados Unidos. Seus planos colidem rapidamente com a corrupção política, mas ele não desiste.
Monstros S.A.;202. Monsters, Inc.;2001;8.1;Animação;Para poder dar electricidade a sua cidade, os monstros tem que assustar a crianças. Pensando que as crianças são perigosas para eles, dois monstros acham que as coisas podem ser diferentes.
Como Treinar o Seu Dragão;203. How to Train Your Dragon;2010;8.1;Animação;Um jovem e desafortunado viking que aspira a caçar dragões se torna o improvável amigo de um jovem dragão, e descobre que pode haver mais nas criaturas do que ele supunha.
Mary e Max: Uma Amizade Diferente;204. Mary and Max;2009;8.1;Animação;Relata a estranha história de uma amizade entre dois amigos por correspondência: Mary, uma garota solitária de oito anos que vive nos subúrbios de Melbourne, e Max, um homem obeso de quarenta e quatro anos que vive em Nova York.
Tubarão;205. Jaws;1975;8.1;Aventura;Quando um tubarão desencadea caos numa praia, um xerife, um biologista e um marinheiro daram caça ao animal.
O Sétimo Selo;206. The Seventh Seal;1957;8.1;Drama;Um homem procura respostas sobre a vida, a morte e a existência de Deus enquanto joga xadrez contra a morte durante a Morte Negra.
O Quarto de Jack;207. Room;2015;8.1;Drama;Um menino é mantido preso em um quarto com sua mãe desde seu nascimento, por isso sua visão do mundo é muito reduzida.
O Grande Lebowski;208. The Big Lebowski;1998;8.1;Comédia;Jeff The Dude Lebowski, foi confundido por um millonário do mesmo nome e procurará restituçao com a ajuda do seus amigos.
Ford vs Ferrari;209. Ford v Ferrari;2019;8.1;Ação;Um designer de carros e um motorista combatem a interferência corporativa, as leis da física e seus próprios demônios pessoais para construir um carro de corrida revolucionário para a Ford e desafiar a Ferrari nas 24 Horas de Le Mans em 1966.
Era uma Vez em Tóquio;210. Tokyo Story;1953;8.1;Drama;Um casal de idosos visita seus filhos e netos na cidade, mas recebe pouca atenção.
Ratatouille;211. Ratatouille;2007;8.1;Animação;Um rato que pode cozinhar forja uma aliança incomum com um jovem garoto em um famoso restaurante em Paris.
Hotel Ruanda;212. Hotel Rwanda;2004;8.1;Biografia;Paul Rusesabagina era o gerente de um hotel que abrigava mais de mil refugiados tutsis durante sua luta contra a milícia hutu em Ruanda.
O Martírio de Joana D'Arc;213. The Passion of Joan of Arc;1928;8.2;Biografia;Em 1431, Joana D'Arc é julgada sob acusações de heresia. Os advogados da Igreja tentam forçar Jeanne a retractar suas reivindicações de visões sagradas.
Rocky: Um Lutador;214. Rocky;1976;8.1;Drama;Um boxer pouco conhecido tem uma grande oportunidade de enfrentar o campeão dos pesos pesados em uma partida em que ele esperaele espera estar à altura da tarefa e divulgar seu nome.
Logan;215. Logan;2017;8.1;Ação;Em um futuro em que os mutantes estão quase extintos, um velho e cansado Logan leva uma vida tranquila. Mas quando Laura, uma garota mutante perseguida por cientistas, pede ajuda a ele, ele deve colocá-la em segurança.
Platoon;216. Platoon;1986;8.1;Drama;Um jovem soldado do Vietnã se confronta com uma crisis moral frete aos horrores da guerra.
Spotlight: Segredos Revelados;217. Spotlight;2015;8.1;Biografia;A verdadeira historia de como o jornal Boston Globe revelou o escândalo de abuso sexual infantil dentro da igreja católica da cidade e que agitou a toda igreja católica no mundo.
O Exterminador do Futuro;218. The Terminator;1984;8.1;Ação;Um indestrutível robô é enviado de 2029 a 1984 para assassinar a uma jovem garçonete que vai ter um filho que vai liderar uma guerra contra máquinas maa um soldado humano também é enviado para protege-lha.
Jai Bhim;219. Jai Bhim;2021;8.8;Policial;Quando um homem tribal é preso por um caso de suposto roubo, sua esposa recorre a um advogado de direitos humanos para ajudá-lo a fazer justiça.
Antes do Pôr do Sol;220. Before Sunset;2004;8.1;Drama;Nove anos depois de se conhecer, o Jesse e a Celine se encontram novamente na França.
Rush: No Limite da Emoção;221. Rush;2013;8.1;Ação;A história da rivalidade impiedosa nos anos 70 entre os rivais de Fórmula 1 James Hunt e Niki Lauda.
Rede de Intrigas;222. Network;1976;8.1;Drama;Uma rede de televisão explora os delírios e revelações de um homem perturbado.
Conta Comigo;223. Stand by Me;1986;8.1;Aventura;Depois da morte de um de seus velhos amigos, um escritor relembra sua viagem com os amigos de infância para encontrar o corpo de um menino desaparecido.
Os Melhores Anos de Nossa Vida;224. The Best Years of Our Lives;1946;8.1;Drama;Três veteranos da Segunda Guerra Mundial voltam para casa na cidade pequena da América para descobrir que eles e suas famílias foram mudados irreparavelmente.
O Mágico de Oz;225. The Wizard of Oz;1939;8.1;Aventura;A Dorothy Gale é levada por um tornado até a mágica cidade de Oz e vá numa viagem com novos amigos que la ajudar a voltar para casa.
Na Natureza Selvagem;226. Into the Wild;2007;8.1;Aventura;Depois de terminar a universidade, Christopher McCandless deixa pra trás suas posses e vai para o Alasca viver na natureza.
O Ódio;227. La haine;1995;8.1;Policial;24 horas na vida de três jovens nos subúrbios franceses no dia seguinte a uma rebelião violenta.
O Exorcista;228. The Exorcist;1973;8.1;Terror;Quando uma adolescente é possuída por uma entidade misteriosa, sua mãe busca a ajuda de um padre, que também é um psiquiatra, para salvar sua filha.
Piratas do Caribe: A Maldição do Pérola Negra;229. Pirates of the Caribbean: The Curse of the Black Pearl;2003;8.1;Ação;O ferreiro Will Turner se junta ao capitão Jack Sparrow para salvar seu amor, a filha do governador, dos ex-aliados piratas de Jack, que agora estão vivos.
Os Incríveis;230. The Incredibles;2004;8.0;Animação;Uma familia de heróis encobertos tentando viver uma vida tranquila se vem obrigados a salvar o mundo.
Ser ou Não Ser;231. To Be or Not to Be;1942;8.2;Comédia;Durante a ocupação nazista da Polônia, uma trupe de atuação se envolve nos esforços de um soldado polonês para rastrear um espião alemão.
Meu Pai e Meu Filho;232. My Father and My Son;2005;8.2;Drama;A família de um jornalista de esquerda é separada após o golpe militar na Turquia em 1980.
Feitiço do Tempo;233. Groundhog Day;1993;8.0;Comédia;Um homem vive o mesmo dia uma e outra vez.
As Vinhas da Ira;234. The Grapes of Wrath;1940;8.1;Drama;Uma família pobre no Centro-Oeste é forçada a abandonar suas terras. Eles viajam para a Califórnia, sofrendo os infortúnios dos sem-teto na Grande Depressão.
Sempre ao Seu Lado;235. Hachi: A Dog's Tale;2009;8.1;Biografia;Um professor universitário se liga a um cachorro abandonado que ele leva para casa.
A Batalha de Argel;236. The Battle of Algiers;1966;8.1;Drama;Nos anos 50, o medo e a violência aumentam à medida que o povo de Argel lutava pela independência do governo francês.
A Criada;237. The Handmaiden;2016;8.1;Drama;Uma mulher é contratada como criada de uma herdeira japonesa, mas secretamente esta envolvida em um plano para defraudá-la.
Amores Brutos;238. Amores Perros;2000;8.1;Drama;Um terrível acidente de carro conecta três histórias, cada uma envolvendo personagens que lidam com a perda, o arrependimento e as duras realidades da vida, tudo em nome do amor.
Rebecca, a Mulher Inesquecível;239. Rebecca;1940;8.1;Drama;Uma mulher autoconsciente faz malabarismos para se ajustar a seu novo papel de esposa de um aristocrata e evitar ser intimidada pela presença espectral de sua primeira esposa.
Rebeldia Indomável;240. Cool Hand Luke;1967;8.1;Policial;Um sulista quieto é condenado a dois anos em uma prisão rural, mas se recusa a obedecer.
A Canção da Estrada;241. Pather Panchali;1955;8.2;Drama;O padre Harihar Ray, sonhando com uma vida melhor para si e sua família, deixa sua aldeia rural de Bengala em busca de trabalho.
A Noviça Rebelde;242. The Sound of Music;1965;8.1;Biografia;Uma mulher deixa um convento austríaco para se tornar a instrutora dos filhos de um oficial da marinha viúvo.
Aconteceu Naquela Noite;243. It Happened One Night;1934;8.1;Comédia;Uma herdeira mimada que foge de sua família é ajudada por um homem que na verdade é um repórter que precisa de uma história.
O Gigante de Ferro;244. The Iron Giant;1999;8.1;Animação;Um jovem faz amizade com um robô gigante do espaço, um paranóico agente do governo quer que seja destruído.
Os Incompreendidos;245. The 400 Blows;1959;8.1;Policial;Uma criança, sem atenção, entra em uma vida de pequenos crimes.
Histórias Cruzadas;246. The Help;2011;8.1;Drama;Uma aspirante a escritora durante o movimento dos direitos civis nos anos 60 nos Estados Unidos decide escrever um livro sobre as experiências das criadas negras que trabalhavam para as famílias brancas.
Quando Duas Mulheres Pecam;247. Persona;1966;8.1;Drama;Uma enfermeira é encarregada de uma atriz silenciosa e descobre que sua personalidade parece convergir em uma.
A Vida de Brian;248. Life of Brian;1979;8.0;Comédia;Nascido no Natal original no estábulo ao lado de Jesus, Brian de Nazaret passa a vida confundido com um messias.
Aladdin;249. Aladdin;1992;8.0;Animação;Um menino de rua bondoso e um Vizir competem por uma lâmpada mágica que tem o poder de realizar seus mais profundos desejos.
A Chantagem;250. Drishyam;2015;8.2;Policial;Um homem toma medidas desesperadas para tentar salvar sua família do lado negro da lei depois que eles cometem um crime inesperado.
Super-Heróis: A Liga da Injustiça;1. Disaster Movie;2008;1.9;Comédia;Durante uma noite um grupo de jovens se ve invadido por uma série de desastres naturais e eventos catastróficos.
Manos: As Mãos do Destino;2. Manos: The Hands of Fate;1966;1.6;Terror;Uma família se perde na estrada e tropeça em um culto oculto, subterrâneo e adorador do diabo, liderado pelo temível Mestre e seu servo Torgo.
Birdemic: Choque e Terror;3. Birdemic: Shock and Terror;2010;1.7;Terror;Uma horda de pássaros mutantes desce na cidade de Half Moon Bay, Califórnia. Com o número de mortos a aumentar, dois cidadãos conseguem defender-se, mas será que eles vão sobreviver?
Bebês Geniais 2: Super Bebês;4. Superbabies: Baby Geniuses 2;2004;1.5;Comédia;Um grupo de crianças que falam inteligentemente se encontra no centro da experiência de um magnata da mídia para decifrar o código da conversa do bebê. Os bebês devem correr contra o tempo para o bem deles em todos os lugares.
A Gostosa e a Gosmenta;5. The Hottie & the Nottie;2008;1.9;Comédia;Uma mulher concorda em sair com um homem apenas se ele encontrar um pretendente para seu melhor amiga pouco atraente.
Salvando o Natal;6. Kirk Cameron's Saving Christmas;2014;1.3;Comédia;His annual Christmas party faltering thanks to his cynical brother-in-law, former Growing Pains star Kirk Cameron attempts to save the day by showing him that Jesus Christ remains a crucial component of the over-commercialized holiday..
House of the Dead: O Filme;7. House of the Dead;2003;2.1;Ação;Um grupo de jovens visita a misteriosa Ilha da Morte, que há séculos abriga um padre banido da Espanha por inventar um soro que engana a morte, e acabam se refugiando numa casa antiga a fim de se defenderem de criaturas semimortas.
O Filho do Máskara;8. Son of the Mask;2005;2.2;Comédia;"Tim Avery, um aspirante a cartunista, se envolve em uma situação difícil quando seu cão encontra a máscara de Loki. Depois de conceber um filho ""que nasce da máscara"", ele descobre como pode ser uma loucura criar uma criança."
Deu a Louca em Hollywood;9. Epic Movie;2007;2.4;Aventura;Uma paródia dos filmes épicos dos anos anteriores (O Código Da Vinci (2006), As Crônicas de Nárnia: O Leão,a Feiticeira e o Guarda-Roupa (2005) + 20 mais), séries de TV, vídeos musicais e celebridades. 4 órfãos em uma aventura épica.
Radhe;10. Radhe;2021;1.9;Ação;Depois de tomar o temido gângster Gani Bhai, ACP Rajveer Shikawat, também conhecido como Radhe, vai em uma caçada para encontrar o homem mais rico da cidade secretamente comandando um sindicato do crime.
A Reconquista;11. Battlefield Earth;2000;2.5;Ação;No ano 3000 a Terra perdeu a batalha contra os Psiclos e a humanidade foi escravizada, mas em silêncio ja planejam a rebelião.
Universidade do Prazer;12. Pledge This!;2006;1.7;Comédia;Na Universidade de South Beach, uma bela presidente de fraternidade hospeda um grupo de estudantes não convencionais que procuram aceitação em sua casa.
Alone in the Dark: O Despertar do Mal;13. Alone in the Dark;2005;2.4;Ação;Um detetive paranormal revela eventos misteriosos com resultados mortais.
Dragonball Evolution;14. Dragonball Evolution;2009;2.5;Ação;O jovem guerreiro Son Goku embarca em uma missão, correndo contra o tempo e o vingativo rei Piccolo, para coletar um conjunto de sete esferas mágicas que concederão ao seu portador poder ilimitado.
Race 3;15. Race 3;2018;1.9;Ação;Relationships and loyalties of a criminal family planning its next big heist are tested when some shocking revelations strike them.
De Justin para Kelly;16. From Justin to Kelly;2003;1.9;Comédia;A waitress from Texas and a college student from Pennsylvania meet during spring break in Fort Lauderdale, Florida and come together through their shared love of singing.
Ir ao mar;17. Going Overboard;1989;1.8;Comédia;Um jovem comediante angustiado faz um trabalho humilde em um cruzeiro, esperando sua grande oportunidade de ter sucesso no mundo da comédia.
A Guerra das Comidas;18. Foodfight!;2012;1.3;Animação;A má Brand X entra em um supermercado que se transforma em uma cidade após o horário de fechamento.
Dünyayi Kurtaran Adam'in Oglu;19. Turks in Space;2006;1.5;Ação;A family of Turks try to adapt to life in a new solar system.
Espartalhões;20. Meet the Spartans;2008;2.8;Comédia;Uma paródia de 300 (2006) e muitos outros filmes, séries de TV/programas/comerciais, videogames e celebridades.
Contato de Risco;21. Gigli;2003;2.6;Comédia;Larry Gigli é designado por um chefe do crime para sequestrar o irmão de um proeminente promotor público. Uma linda mulher, conhecida apenas como Ricki, é enviada para acompanhá-lo e garantir que ele não faça nada de errado.
Uma Comédia Nada Romântica;22. Date Movie;2006;2.8;Comédia;Paródia de comédias românticas que focalizam um homem, seu amor platônico, seus pais e o pai da menina.
Cats;23. Cats;2019;2.8;Comédia;"Uma tribo de gatos chamados de Jellicles devem decidir qual deles irá para um lugar especial chamado ""Heavyside"", e assim passar para uma nova vida."
Daniel der Zauberer;24. Daniel the Wizard;2004;1.2;Comédia;Evil assassins want to kill Daniel Kublbock, the third runner up for the German Idols.
Bebês Geniais;25. Baby Geniuses;1999;2.5;Comédia;Os cientistas mantêm bebês super inteligentes falando em cativeiro, mas as coisas pioram quando um gênio bebê se confunde com seu gêmeo.
Glitter: O Brilho de uma Estrela;26. Glitter;2001;2.4;Drama;A young singer dates a disc jockey who helps her get into the music business, but their relationship become complicated as she ascends to super stardom.
A Centopéia Humana 3;27. The Human Centipede III (Final Sequence);2015;2.7;Comédia;Na prisão, Bill Boss lida com prisioneiros rebeldes e um governador incompetente. Dwight, o seu braço-direito, surge com uma ideia capaz de revolucionar o sistema penitenciário americano: a criação de uma centopeia humana de 500 pessoas.
Tubarão 4: A Vingança;28. Jaws: The Revenge;1987;3.0;Aventura;A viúva do chefe Brody acredita que sua família está sendo deliberadamente atacada por outro tubarão em busca de vingança.
Invasão Cósmica;29. Cosmic Sin;2021;2.5;Ação;Sete soldados desonestos lançam um ataque preventivo contra uma civilização alienígena recém-descoberta, na esperança de encerrar uma guerra interestelar, antes que ela comece.
Trolls II;30. Troll 2;1990;2.9;Comédia;Uma família em férias descobre que toda a cidade é habitada por trasgos disfarçados de humanos, que planejam comê-los.
BloodRayne;31. BloodRayne;2005;3.0;Ação;No século XVIII, uma vampira escapa do show de aberrações, do qual ela participou. Ela se junta a um grupo de caçadores de vampiros para matar o homem que estuprou sua mãe.
365 Dias: Hoje;32. 365 Days: This Day;2022;2.6;Drama;Laura e Massimo estão de volta, mais intensos do que nunca. Mas a família de Massimo e um homem disposto a fazer de tudo para conquistar Laura complicam a vida do casal.
Hobgoblins;33. Hobgoblins;1988;2.2;Comédia;A young security guard must track down diminutive aliens who kill people even as they make their fantasies come true.
O Apocalipse;34. Left Behind;2014;3.1;Ação;Um pequeno grupo de sobreviventes é deixado para trás depois que milhões de pessoas desaparecem repentinamente e o mundo mergulha no caos e na destruição.
Olhos Famintos: Renascimento;35. Jeepers Creepers: Reborn;2022;2.5;Terror;Forçada a viajar com o seu namorado, Laine começa a experimentar premonições associadas com o mito urbano de The Creeper. Laine acredita que algo de sobrenatural foi convocado, e que ela está no centro de tudo isto.
365 dni;36. 365 Days;2020;3.3;Drama;Massimo é membro da família mafiosa da Sicília e Laura é diretora de vendas. Ela não espera que em uma viagem à Sicília Massimo a sequestre e lhe dê 365 dias para se apaixonar por ele.
Elk*rtuk;37. The Cost of Deception;2021;1.5;Ação;When a young, ambitious market researcher finds out her boss is involved in the leaking of a scandalous Prime Minister speech, she decides to investigate the case to gain a position among the big-shots. Based on actual events.
Enes Batur Hayal mi Gerçek mi?;38. Enes Batur: Imagination or Reality?;2018;2.0;Comédia;Enes Batur has to decide between going to college or being a professional YouTuber.
Tudo pela Honra do Meu Pai;39. Who's Your Caddy?;2007;2.2;Comédia;When a rap mogul from Atlanta tries to join a conservative country club in the Carolinas he runs into fierce opposition from the board President- but it's nothing that he and his entourage can't handle.
Cada um tem a Gêmea que Merece;40. Jack and Jill;2011;3.3;Comédia;Jack, um publicitário de sucesso com uma linda família, enlouquece com a visita de sua irmã gêmea Jill no dia de Ação de Graças. As coisas ficam ainda mais fora de controle quando Jill decide ficar mais tempo.
Rollerball;41. Rollerball;2002;3.1;Ação;Um esporte violento que pode ter sérias consequências torna-se moda em 2005.
Papai Noel Conquista os Marcianos;42. Santa Claus Conquers the Martians;1964;2.7;Aventura;The Martians kidnap Santa Claus because there is nobody on Mars to give their children presents.
Slender Man: Pesadelo Sem Rosto;43. Slender Man;2018;3.2;Terror;Em uma pequena cidade de Massachusetts, um grupo de amigos, fascinado pela tradição da Internet do Slender Man, tenta provar que ele realmente não existe, até que um deles desaparece misteriosamente.
Mulher-Gato;44. Catwoman;2004;3.4;Ação;Uma mulher tímida, dotada de velocidade, reflexos e sentidos de um felino, está entre a criminalidade e o heroísmo, mesmo enquanto um detetive a persegue insistentemente, fascinado por suas duas personas.
Kazaam;45. Kazaam;1996;3.1;Comédia;Uma criança perturbada inadvertidamente libera um gênio, que deve conceder a ele quaisquer três desejos que ele solicitar.
Adipurush;46. Adipurush;2023;3.3;Ação;Uma adaptação moderna do épico indiano Ramayana que acompanha a jornada do príncipe exilado Raghav para resgatar sua esposa Janaki do rei demônio Lankesh.
Os Vampiros Que Se Mordam;47. Vampires Suck;2010;3.4;Comédia;Uma paródia de filmes com temática vampiresca. Adolescente, Becca encontra-se dividida entre 2 meninos. Enquanto ela e seus amigos lutam com uma série de dramas diferentes, tudo vem à tona no baile.
Emoji: O Filme;48. The Emoji Movie;2017;3.4;Animação;Gene, um emoji multi-expressão, faz uma jornada para se tornar um emoji normal.
Steel - O Homem De Aço;49. Steel;1997;2.9;Ação;A scientist for the military turns himself into a cartoon-like superhero when a version of one of his own weapons is being used against enemies.
Jogos Famintos;50. The Starving Games;2013;3.2;Aventura;Nesta paródia dos Jogos Vorazes, Kantmiss Evershot deve lutar por sua vida nos 75os Jogos Anuais da Fome, onde também poderá ganhar um presunto velho, um cupom para um submarino de pés compridos e um picles parcialmente comido.
Student of the Year 2;51. Student of the Year 2;2019;2.2;Ação;A student must face off against bullies and overcome hurdles, both academic and romantic, to win his college's coveted Student of the Year trophy.
Vende-se Esta Casa;52. The Open House;2018;3.3;Terror;Um adolescente e sua mãe são assediados por forças ameaçadoras quando se mudam para um novo lar.
Laxmii;53. Laxmii;2020;2.5;Ação;Um fantasma procura vingança por ter sido prejudicado e assombra todos os que ficam na casa.
Ameaça no Espaço;54. Breach;2020;2.9;Ação;Na cúspide da paternidade, um jovem mecânico a bordo de uma arca interestelar para a Nova Terra deve superar um terror cósmico malévolo que tenta usar a nave espacial como arma.
Tees Maar Khan;55. Tees Maar Khan;2010;2.6;Comédia;Posando como produtor de cinema, um vigarista tenta enganar uma vila inteira para ajudá-lo a roubar um trem carregado de tesouros.
Ursinho Pooh: Sangue e Mel;56. Winnie the Pooh: Blood and Honey;2023;2.9;Terror;Após serem abandonados por Christopher, que foi para a faculdade, Ursinho Pooh e Leitão enlouquecem e juram vingança contra os seres humanos, partindo para uma caçada sangrenta em busca de uma nova fonte de comida.
Todo Mundo em Pânico 5;57. Scary Movie V;2013;3.5;Comédia;Um casal começa a experimentar certa atividade incomum depois de trazer para casa suas sobrinhas e sobrinhos perdidos. Com a ajuda de câmeras de vigilância doméstica, eles descobrem que estão sendo perseguidos por um demônio nefasto.
Debi & Lóide 2: Quando Debi Conheceu Lóide;58. Dumb and Dumberer: When Harry Met Lloyd;2003;3.4;Comédia;Estabelecido nos anos 80 quando Harry conheceu Lloyd na escola secundária, onde eles se cruzaram com um diretor malvado e um grupo de outros marginalizados como eles.
O Massacre da Serra Elétrica: O Retorno;59. Texas Chainsaw Massacre: The Next Generation;1995;3.3;Comédia;Um grupo de adolescentes sofre um acidente de carro no bosque do Texas na noite do baile de formatura e, em seguida, entra em uma antiga fazenda que é o lar de Leatherface e sua louca família de psicopatas-canibais.
Gunday;60. Gunday;2014;2.7;Ação;The lives of Calcutta's most powerful Gunday, Bikram and Bala, changes when Nandita enters it. Then a counter-force takes charge and a thriller unfolds.
The Room;61. The Room;2003;3.6;Drama;Johnny é um banqueiro de sucesso que vive feliz em uma casa em São Francisco com sua noiva Lisa, mas um dia ela fica entediada com ele e decide seduzir sua melhor amiga, Mark. A partir desse momento, nada será o mesmo novamente.
Mestre do Disfarce;62. The Master of Disguise;2002;3.3;Aventura;An Italian waiter fights off a criminal mastermind with his inherited powers of disguise.
Loucademia de Polícia 7: Missão Moscou;63. Police Academy: Mission to Moscow;1994;3.5;Comédia;O governo russo contrata veteranos da Academia de Polícia (1984) para ajudar a lidar com a máfia.
Acampamento do Papai;64. Daddy Day Camp;2007;3.2;Comédia;Seeking to offer his son the satisfying summer camp experience that eluded him as a child, the operator of a neighborhood day care center opens his own camp, only to face financial hardship and stiff competition from a rival camp.
Bratz: O Filme;65. Bratz;2007;3.1;Comédia;Durante o seu primeiro ano de liceu, quatro melhores namoradas confrontam-se com o presidente do corpo estudantil dominador, que as quer dividir em diferentes cliques sociais.
Hercules in New York;66. Hercules in New York;1970;3.3;Aventura;Hércules é enviado para a Terra onde encontra o amor verdadeiro e começa uma carreira promissora no fisiculturismo.
Far Cry: Fugindo do Inferno;67. Far Cry;2008;3.2;Ação;A trama segue o soldado Jack Carver e a repórter Valerie Constantine, que estão investigando uma ilha cheia de super soldados geneticamente modificados.
Mortal Kombat: A Aniquilação;68. Mortal Kombat: Annihilation;1997;3.6;Ação;Um grupo de guerreiros de artes marciais tem apenas seis dias para salvar a Terra de uma invasão.
Barb Wire - A Justiceira;69. Barb Wire;1996;3.5;Ação;Durante a Segunda Guerra Civil Americana, em 2017, Barb Wire é dona de uma boate chamada Hammerhead. As coisas se complicam quando seu ex-amante, Axel Hood, que é casado com a fugitiva Corrina Devonshire, volta novamente para sua vida.
Medo Ponto com Br;70. Feardotcom;2002;3.4;Policial;Um detetive de Nova York investiga mortes misteriosas que ocorrem 48 horas depois que os usuários acessam um site de nome fear dotcom.
Smolensk;71. Smolensk;2016;1.2;Drama;An inspired story of people affected by the 2010 crash of Polish Air Force Flight 101 in Smolensk, Russia. Fiery reporter Nina won't accept the story she's been given and is determined to find the truth.
3 Ninjas: Aventura na Mega Mountain;72. 3 Ninjas: High Noon at Mega Mountain;1998;2.9;Ação;The three unstoppable Ninja brothers fight to save their hero (Hulk Hogan) and Mega Mountain Amusement Park from the vicious kid-hating Medusa (Loni Anderson).
Batman & Robin;73. Batman & Robin;1997;3.8;Ação;Batman e Robin tentam manter seu relacionamento juntos, mesmo quando devem evitar que o Sr. Cold e Poison Ivy congelem Gotham City.
Baaghi 3;74. Baaghi 3;2020;2.1;Ação;A man embarks on a bloody rampage to save his kidnapped brother.
Cinquenta Tons de Preto;75. Fifty Shades of Black;2016;3.5;Comédia;Uma inexperiente estudante universitária conhece um rico empresário cujas práticas sexuais prejudicam o relacionamento dos dois.
Capitão América;76. Captain America;1990;3.2;Ação;"Congelado por décadas, o Capitão América é libertado para combater o criminoso ""Red Skull""."
Crossroads: Amigas para Sempre;77. Crossroads;2002;3.6;Comédia;Três melhores amigos de infância e um rapaz que acabaram de conhecer fazem uma viagem de carro pelo país, encontrando-se a se mesmos e sua amizade no processo.
Pequenos Espiões 4;78. Spy Kids 4: All the Time in the World;2011;3.5;Ação;Uma espià aposentada é chamada de volta à ativa, e para melhorar sua relaçào com seus novos enteados, os convida para a aventura de ajudá-la a impedir o maligno Timekeeper de assumir o controle do mundo.
O Mundo das Spice Girls;79. Spice World;1997;3.6;Comédia;O grupo pop mundialmente famoso, Spice Girls, percorre Londres em seu luxuoso ônibus de turismo com dois andares, vivendo várias aventuras e se apresentando para os fàs.
A História sem Fim 3;80. The NeverEnding Story III;1994;3.2;Aventura;Um menino deve restaurar a ordem quando um grupo de valentões rouba o livro mágico que funciona como um portal entre a Terra e o mundo imaginário de Fantasia.
Tubarão 3;81. Jaws 3-D;1983;3.7;Aventura;Um tubarào gigante de dez metros fica preso em um parque temático do SeaWorld e cabe aos filhos do chefe de polícia Brody resgatar a todos.
Superman IV: Em Busca da Paz;82. Superman IV: The Quest for Peace;1987;3.7;Ação;O Homem de Aço se encontra em cruzadas para o desarmamento nuclear e conhece a última criação de Lex Luthor, o Homem Nuclear.
Dungeons & Dragons - A Aventura Começa Agora;83. Dungeons & Dragons;2000;3.6;Ação;Profion, um tirano, tenta derrubar um reino pacífico governado por uma imperatriz cruel.
O Sacrifício;84. The Wicker Man;2006;3.8;Terror;Um xerife que investiga o desaparecimento de uma garota de uma pequena ilha descobre que há um mistério maior a ser resolvido entre a comunidade secreta da ilha.
Natal Sangrento;85. Black Christmas;2019;3.5;Terror;"Um grupo de estudantes é assediado por um estranho durante as férias de Natal. Um remake do filme de 1974 ""Noite do Terror""."
A Névoa;86. The Fog;2005;3.7;Terror;Um denso nevoeiro cheio de espíritos vingativos persegue uma próspera cidade insular ao largo da costa do Oregon, enquanto os seus habitantes tentam desvendar o segredo obscuro da sua cidade a fim de a deter.
D-War: Guerra dos Dragões;87. Dragon Wars: D-War;2007;3.5;Ação;Once in 500 years, ancient mythical creatures come to Earth, wreaking havoc and destruction. This time they must be stopped.
Mac - O Extraterrestre;88. Mac and Me;1988;3.4;Aventura;An alien trying to escape from NASA is befriended by a wheelchair-bound boy.
Dotado para Brilhar;89. Bucky Larson: Born to Be a Star;2011;3.3;Comédia;Um garoto do Meio-Oeste se muda para Hollywood para seguir os passos de seus pais e se tornar uma estrela pornô.
As Aventuras de Sharkboy e Lavagirl;90. The Adventures of Sharkboy and Lavagirl 3-D;2005;3.7;Ação;Um menino é recrutado por seus amigos imaginários Sharkboy e Lavagirl para ajudar a salvar seu planeta.
Piranha 2;91. Piranha 3DD;2012;3.8;Comédia;Após os eventos no Lago Vitória, a escola pré-histórica de piranhas sanguinárias se transforma em um parque aquático recém-inaugurado.
Eu Sei Quem me Matou;92. I Know Who Killed Me;2007;3.6;Terror;Uma pequena cidade fica em sobressalto quando Aubrey Fleming, uma jovem brilhante e promissora, é sequestrada e torturada. Quando foge e reaparece, afirma não ser a verdadeira Aubrey e que esta ainda está em perigo, às mãos do assassino.
O Guru do Amor;93. The Love Guru;2008;3.8;Comédia;Pitka, um americano criado fora de seu país por gurus, retorna aos Estados Unidos com o objetivo de entrar no negócio de autoajuda.
Se Beber, Não Entre no Jogo;94. The Hungover Games;2014;3.5;Aventura;A spoof on Se Beber, Não Case! (2009), Jogos Vorazes (2012) and other movies, TV series etc. 4 men, with hangovers after a bachelor party, find themselves in a future, dystopian, kill or be killed game.
Em Nome do Rei;95. In the Name of the King: A Dungeon Siege Tale;2007;3.8;Ação;Um homem chamado Farmer decide resgatar sua esposa sequestrada e vingar a morte de seu filho, dois atos cometidos pelos Krugs, uma raça de guerreiros animais controlados pelo malvado Galliano.
Os Vingadores;96. The Avengers;1998;3.8;Ação;Dois agentes britânicos se reúnem para impedir que Sir August de Wynter destrua o mundo com uma máquina que muda o clima.
Os Flintstones em Viva Rock Vegas;97. The Flintstones in Viva Rock Vegas;2000;3.7;Comédia;Os Flintstones e os Rubbles viajam para o Rock Vegas, onde Wilma é perseguida pelo playboy Chip Rockefeller.
A Centopeia Humana 2;98. The Human Centipede 2 (Full Sequence);2011;3.8;Terror;Inspirado pelo fictício Dr. Heiter, o perturbado Martin sonha em criar uma centopéia de 12 pessoas e pretende realizar sua fantasia.
Street Fighter: A Lenda de Chun-Li;99. Street Fighter: The Legend of Chun-Li;2009;3.7;Ação;Quando adolescente, Chun-Li testemunha seu pai ser sequestrado por um chefe do crime. Quando adulta, ela embarca em uma jornada de vingança e se torna a combatente vigilante do crime.
Stan Helsing;100. Stan Helsing;2009;3.6;Comédia;Terminando seu turno no aluguel de vídeos, Stan é pego por seu melhor amigo e 2 garotas bonitas, todos indo a uma festa de Halloween. Será que eles chegarão lá?
Você Não Tá Convidada pro Meu Bat Mitzvá!;You Are So Not Invited to My Bat Mitzvah;2023;6.0;Comédia;Stacey Friedman se prepara para seu bat mitzvah, mas seus planos se desfazem comicamente e ameaçam arruinar o evento.
Oppenheimer;Oppenheimer;2023;8.6;Biografia;A história do cientista americano J. Robert Oppenheimer e o seu papel no desenvolvimento da bomba atômica.
Barbie;Barbie;2023;7.3;Aventura;Viver na Terra da Barbie é ser um ser perfeito em um lugar perfeito. A menos que você tenha uma crise existencial completa. Ou que você seja um Ken.
The Flash;The Flash;2023;6.8;Ação;Barry Allen usa sua supervelocidade para mudar o passado, mas sua tentativa de salvar sua família cria um mundo sem super-heróis, forçando-o a correr por sua vida para salvar o futuro.
Rebel Moon - Parte 1: A Menina do Fogo;Rebel Moon;2023;;Ação;Uma jovem sai em busca de guerreiros de outros planetas para enfrentar um exército de invasores que aterrorizam a pacífica colônia onde vive.
Besouro Azul;Blue Beetle;2023;6.7;Ação;Jaime Reyes, um adolescente de origem mexicana que encontra um artefato alienígena que lhe dá um exoesqueleto mecanizado e poderes, tornando-o no Besouro Azul.
Drácula: A Última Viagem do Deméter;The Last Voyage of the Demeter;2023;6.2;Fantasia;"Baseado no livro ""Drácula"" de Bram Stoker, a história se passa a bordo do navio Demeter, onde uma tripulação condenada enfrenta eventos estranhos e aterrorizantes durante a viagem."
Megatubarão 2;Meg 2: The Trench;2023;5.2;Ação;Segue um piloto de submersível e um grupo de cientistas em águas profundas para explorar uma trincheira desconhecida na Fossa das Marianas. No caminho, eles encontrarão o Megalodon, um gigante tubarão pré-histórico.
Indiana Jones e a Relíquia do Destino;Indiana Jones and the Dial of Destiny;2023;6.7;Ação;O famoso arqueólogo e professor Jones regressa com novos desafios, perigos e aventuras, mas desta vez ele tem o sangue de uma nova geração para o ajudar nas suas descobertas e na sua luta contra um novo vilão.
Gran Turismo - De Jogador a Corredor;Gran Turismo;2023;7.4;Ação;A história real da realização de um sonho de um jogador de Gran Turismo, cujas habilidades no jogo o levaram a vencer uma série de competições da Nissan e a se tornar um piloto profissional de corrida. Baseado em uma história real.
O Protetor: Capítulo Final;The Equalizer 3;2023;7.1;Ação;Robert McCall se sente em casa no sul da Itália, mas descobre que seus amigos estão sob o controle do crime local. À medida que os eventos se tornam mortais, McCall sabe que deve tornar-se o protetor de seus amigos enfrentando a máfia.
Que Horas Eu Te Pego?;No Hard Feelings;2023;6.4;Comédia;Maddie, à beira da falência, é contratada por pais superprotetores para ajudar seu filho introvertido a se tornar mais confiante antes da faculdade. Ela tem apenas um verão para completar sua missão.
The Killer;The Killer;2023;7.4;Ação;Um assassino começa a colapsar psicologicamente enquanto começa a desenvolver uma consciência, mesmo enquanto seus clientes continuam a solicitar seus serviços.
Vermelho, Branco e Sangue Azul;Red, White & Royal Blue;2023;7.0;Comédia;Quando sua mãe foi eleita presidente dos Estados Unidos, Alex Claremont-Diaz se tornou o novo queridinho da mídia estadunidense. Bonito, carismático e com personalidade forte, Alex tem tudo para seguir os passos de seus pais.
Agente Stone;Heart of Stone;2023;5.7;Ação;Uma agente de inteligência de uma sombria agência global que trabalha pela manutenção da paz corre para impedir um hacker de roubar sua arma mais valiosa e perigosa.
Bottoms;Bottoms;2023;7.7;Comédia;Duas garotas queer e nada populares decidem começar um clube da luta para conseguir fazer sexo antes de suas formaturas.
As Tartarugas Ninja: Caos Mutante;Teenage Mutant Ninja Turtles: Mutant Mayhem;2023;7.4;Animação;Os irmãos Tartaruga trabalham para conquistar o amor da cidade de Nova York enquanto enfrentam um exército de mutantes.
Dungeons & Dragons: Honra Entre Rebeldes;Dungeons & Dragons: Honor Among Thieves;2023;7.3;Ação;Um ladrão encantador e um grupo de aventureiros improváveis embarcam em uma jornada épica para recuperar uma relíquia perdida, mas as coisas saem perigosamente do controle quando eles se envolvem com as pessoas erradas.
Fale Comigo;Talk to Me;2022;7.4;Terror;Um grupo de amigos descobre uma mão embalsamada que lhes permite conjurar espíritos. Viciado na emoção, um deles vai longe demais e abre a porta para o mundo espiritual.
Boogeyman: Seu Medo é Real;The Boogeyman;2023;6.0;Terror;Ainda se recuperando da trágica morte de sua mãe, uma adolescente e sua irmã mais nova se veem atormentados por uma presença sádica em sua casa e lutam para fazer com que seu pai de luto preste atenção antes que seja tarde demais.
Guardiões da Galáxia Vol. 3;Guardians of the Galaxy Vol. 3;2023;8.0;Ação;Após a perda de Gamora, Peter Quill ainda está chateado e deve reunir os Guardiões da Galáxia em uma missão para defender o universo e proteger Rocket.
Ferrari;Ferrari;2023;7.0;Biografia;A história de vida do empreendedor italiano de carros esportivos Enzo Ferrari.
Som da Liberdade;Sound of Freedom;2023;7.8;Ação;A incrível história real de um ex-agente governamental que se transforma em um vigilante e que embarca em uma missão perigosa para resgatar centenas de crianças das mãos de traficantes sexuais.
Five Nights at Freddy's - O Pesadelo Sem Fim;Five Nights at Freddy's;2023;;Terror;Mike Schmidt, um guarda de segurança na pior, decide arranjar emprego em uma pizzaria local. Porem, após fazer uma descoberta terrível sobre os animatrônicos do local, Mike é forçado a sobreviver e encarar o passado.
Homem-Aranha: Através do Aranhaverso;Spider-Man: Across the Spider-Verse;2023;8.8;Animação;Miles Morales, o amigão da vizinhança Homem-Aranha, é transporado através do multiverso para unir forças com Gwen Stacy e um novo time de Pessoas-Aranha para enfrentar um vilão mais poderoso do que qualquer coisa que já tenham encontrado.
Saltburn;Saltburn;2023;7.6;Comédia;A student at Oxford University finds himself drawn into the world of a charming and aristocratic classmate, who invites him to his eccentric family's sprawling estate for a summer never to be forgotten.
Amigos De Férias 2;Vacation Friends 2;2023;5.3;Ação;Segue um casal que se encontra com outro casal durante as férias no México e vê a amizade deles tomar um rumo estranho quando voltam para casa.
Missão: Impossível - Acerto de Contas Parte Um;Mission: Impossible - Dead Reckoning Part One;2023;8.0;Ação;Ethan Hunt e seu grupo do IMF embarcam na missão mais arriscada até agora: localizar uma nova arma aterrorizante que ameaça toda a humanidade antes que caia nas mãos erradas.
A Noite das Bruxas;A Haunting in Venice;2023;;Policial;Na Veneza pós-Segunda Guerra Mundial, Poirot, agora aposentado e vivendo em seu próprio exílio, relutantemente vai a uma sessão espírita. Mas quando um dos convidados é assassinado, cabe ao ex-detetive descobrir mais uma vez o assassino.
Vidas Passadas;Past Lives;2023;8.1;Drama;Dois amigos de infância, Nora e Hae Sung, são separados quando a família de Nora emigra da Coreia do Sul. Vinte anos depois, eles se reencontram e exploram o amor e o destino.
Asteroid City;Asteroid City;2023;6.7;Comédia;O itinerário de uma convenção Junior Stargazer é espetacularmente interrompido por eventos que mudam o mundo.
Ruim Pra Cachorro;Strays;2023;6.4;Animação;Um cachorro abandonado se une a outros vira-latas para se vingar de seu antigo dono.
X: A Marca da Morte;X;2022;6.6;Terror;Em 1979, um grupo de jovens cineastas se propôs a fazer um filme adulto na zona rural do Texas, mas quando seus solitários e idosos anfitriões os pegam em flagrante, o elenco se vê lutando por suas vidas.
Pobres Criaturas;Poor Things;2023;8.1;Romance;A incrível história sobre a evolução fantástica de Bella Baxter, uma jovem trazida de volta à vida pelo brilhante e não convencional cientista Dr. Godwin Baxter.
Super Mario Bros. - O Filme;The Super Mario Bros. Movie;2023;7.1;Animação;Um encanador chamado Mario precisa salvar seu irmão Luigi das garras do rei dos Koopas, Bowser. Para isso, ele conta com a ajuda da princesa do Reino dos Cogumelos, Peach, e de seus amigos Toad e Donkey Kong.
O Protetor;The Equalizer;2014;7.2;Ação;Robert McCall, um homem misterioso que costumava trabalhar como oficial da polícia, motivado pelas injustiças sociais, ajuda vítimas e qualquer pessoa em perigo. A protegida da vez é Teri, jovem explorada sexualmente por mafiosos russos.
Elementos;Elemental;2023;7.0;Animação;Em uma cidade onde cidadãos de fogo, água, terra e ar vivem juntos, Ember, uma jovem impetuosa, e Wade, um cara que segue o fluxo da vida, irão descobrir algo elementar: o quanto eles têm em comum.
Assassinos da Lua das Flores;Killers of the Flower Moon;2023;;Policial;Membros da tribo Osage nos Estados Unidos são assassinados em circunstâncias misteriosas na década de 1920, o que levou a uma grande investigação envolvendo J. Edgar Hoover.
A Grande Aposta;The Big Short;2015;7.8;Biografia;Entre o 2006 e o 2007, um grupo de investidores apostaram contra o mercado de hipotecas dos Estados Unidos, no processo descobriram o errado e corrupto que é o mercado verdaderamente.
Toc Toc Toc: Ecos do Além;Cobweb;2023;5.9;Terror;Peter, de oito anos, é atormentado por um barulho que vem da parede de seu quarto, que seus pais insistem estar só em sua imaginação. Conforme o medo de Peter se intensifica, ele acredita que seus pais podem estar escondendo um segredo.
O Exorcista do Papa;The Pope's Exorcist;2023;6.1;Terror;Baseado nos arquivos reais do padre Gabriele Amorth, conhecido como o exorcista chefe do Vaticano, que enquanto investigava a posse de um jovem, descobre que durante séculos no Vaticano tentaram a todo custo manter a verdade escondida.
Interestelar;Interstellar;2014;8.7;Aventura;Uma equipe de exploradores viaja através de um buraco de minhoca no espaço, na tentativa de garantir a sobrevivência da humanidade.
Megatubarão;The Meg;2018;5.6;Ação;Um grupo de cientistas da Fossa das Marianas encontram ao maior predador da historia, o Megalodon.
Tenet;Tenet;2020;7.3;Ação;O projeto é descrito como um épico de ação que gira em torno do mundo da espionagem internacional.
O Clube de Leitores Assassinos;Killer Book Club;2023;4.6;Terror;Um grupo de oito amigos fãs de terror precisarão lutar por suas vidas ao fugir da perseguição de um palhaço assassino, que sabe mais segredos deles do que os amigos podem imaginar.
A Chamada;Retribution;2023;5.5;Ação;Um executivo se prepara para levar os filhos na escola. Ao ligar o carro, ele recebe uma ligação anônima informando que há uma bomba embaixo do seu assento e não poderão sair do carro.
The Dive;The Dive;2023;5.6;Suspense;Duas irmãs decidem fazer mergulho em um lugar remoto. Uma delas fica presa em uma rocha e, sem poder se mover, terá que lutar por sua vida enquanto lida com um nível perigosamente baixo de oxigênio e baixa temperatura.
Os Mercenários 4;Expend4bles;2023;;Ação;The Expendables will square up against: an arms dealer who commands the might of a massive private army.
Babilônia;Babylon;2022;7.1;Comédia;Um conto de ambições exageradas e excessos escandalosos, ele traça a ascensão e queda de múltiplos personagens durante uma era de desenfreada decadência e depravação no início de Hollywood.
John Wick 4: Baba Yaga;John Wick: Chapter 4;2023;7.8;Ação;John Wick descobre um modo para derrotar a Alta Cúpula. Mas, antes que possa conquistar a sua liberdade, Wick deve enfrentar um novo inimigo com alianças poderosas no mundo todo e forças que transformam velhos amigos em inimigos.
O Pior Vizinho do Mundo;A Man Called Otto;2022;7.5;Comédia;Otto é um grunhido que desistiu da vida após a perda de sua esposa e quer acabar com tudo isso. Quando uma jovem família se muda para as redondezas, ele encontra seu par na engenhosa Marisol, levando a uma amizade que mudará seu mundo.
Transformers: O Despertar das Feras;Transformers: Rise of the Beasts;2023;6.1;Ação;Uma nova aventura que envolverá os Maximals, Predacons e Terrorcons na luta existente na Terra entre Autobots e Decepticons.
Amizade de Férias;Vacation Friends;2021;6.3;Aventura;Um casal conhece outro casal em férias no México, mas sua amizade toma um rumo incômodo quando voltam para casa.
O Pacto;The Covenant;2023;7.5;Ação;Durante a guerra no Afeganistão, um intérprete local arrisca sua própria vida para carregar um sargento ferido por quilômetros de terreno extenuante.
O Poderoso Chefão;The Godfather;1972;9.2;Policial;O patriarca idoso de uma dinastia do crime organizado transfere o controle de seu império clandestino para seu filho relutante.
Um Sonho de Liberdade;The Shawshank Redemption;1994;9.3;Drama;Dois homens presos se reúnem ao longo de vários anos, encontrando consolo e eventual redenção através de atos de decência comum.
Duna;Dune;2021;8.0;Ação;Paul Atreides é um jovem prodígio com um futuro grandioso e envolto em mistério que precisa viajar para o planeta mais perigoso do universo para garantir o futuro de sua família e seu povo.
A Freira 2;The Nun II;2023;;Terror;França, 1956. Um padre é assassinado. Um mal está se espalhando. A sequência de The Nun (2018) segue a irmã Irene quando ela mais uma vez fica cara a cara com a força demoníaca Valak, a Freira.
A Pequena Sereia;The Little Mermaid;2023;7.2;Aventura;A filha do rei Tritão, Ariel, se apaixona loucamente por um príncipe que salvou de um naufrágio. Ela decide ir procurá-lo em terra firme e pede ajuda à bruxa do mar, Úrsula.
Avatar: O Caminho da Água;Avatar: The Way of Water;2022;7.6;Ação;Jake Sully vive com sua nova família na lua extrassolar Pandora. Uma vez que uma ameaça familiar retorna para terminar o que foi iniciado anteriormente, Jake deve trabalhar com Neytiri e o exército da raça Na'vi para proteger sua casa.
OMG 2;OMG 2;2023;8.1;Comédia;Um civil insatisfeito pede ao tribunal que determine a educação integral nas escolas em uma peça dramática e divertida no tribunal.
George Foreman: Sua História;Big George Foreman;2023;6.6;Biografia;A vida e carreira no boxe de George Foreman.
The Book of Clarence;The Book of Clarence;2023;;Aventura;A down on his luck Jerusalemite embarks on a misguided attempt to capitalize on the rise of celebrity and influence the Messiah for his own personal gain. The journey leads him on an exploration of faith and an unexpected path.
Batman;The Batman;2022;7.8;Ação;Sinopse desconhecida.
A Baleia;The Whale;2022;7.7;Drama;Um professor de inglês recluso que vive com obesidade severa tenta se reconectar com sua distante filha adolescente para uma última chance de redenção.
O Urso do Pó Branco;Cocaine Bear;2023;5.9;Comédia;Conta a história de um traficante de drogas cujo avião cai com uma carga de cocaína encontrada por um urso negro, que a come.
Batman: O Cavaleiro das Trevas;The Dark Knight;2008;9.0;Ação;Quando a ameaça conhecida como O Coringa surge de seu passado, causa estragos e caos nas pessoas de Gotham. O Cavaleiro das Trevas deve aceitar um dos maiores testes para combater a injustiça.
Jawan;Jawan;2023;;Ação;Um thriller de ação de alta octanagem que descreve a jornada emocional de um homem que está determinado a corrigir os erros da sociedade.
The Hill;The Hill;2023;6.7;Biografia;A notável história real da improvável jornada de Ricky Hill para jogar na Major League Baseball.
Jailer;Jailer;2023;7.5;Ação;Um carcereiro aposentado sai em uma caçada para encontrar os assassinos de seu filho. Mas o caminho o leva a um lugar familiar, embora um pouco mais sombrio. Será que ele conseguirá sair dessa situação complexa com sucesso?
Foe;Foe;2023;;Drama;Hen and Junior farm a secluded piece of land that has been in Junior's family for generations, but their quiet life is thrown into turmoil when an uninvited stranger shows up at their door with a startling proposal.
Sede Assassina;To Catch a Killer;2023;6.6;Ação;Baltimore. Véspera de Ano Novo. Uma policial talentosa, mas problemática, é recrutada pelo investigador-chefe do FBI para ajudar a traçar o perfil e rastrear um indivíduo perturbado que está aterrorizando a cidade.
Resistência;The Creator;2023;;Ação;Em meio a uma futura guerra entre humanos e inteligência artificial, Joshua é recrutado para localizar e matar o Criador - misterioso arquiteto responsável por desenvolver uma arma capaz de acabar com o confronto e com toda a humanidade.
O Lugar Onde Tudo Termina;The Place Beyond the Pines;2012;7.3;Policial;Um motorista rouba bancos para fornecer para sua familia, situação que faz conflito com um novo policial que procura limpar sua cidade.
O Protetor 2;The Equalizer 2;2018;6.7;Ação;Robert McCall é um justiceiro implacável que defende os explorados e os oprimidos, mas até onde ele irá se um deles for alguém que ele ama?
Mansão Mal-Assombrada;Haunted Mansion;2023;6.2;Comédia;Uma mãe e seu filho de nove anos estão tentando começar uma nova vida. Eles aproveitam uma oportunidade imperdível, uma adorável mansão em Nova Orleans.
Velozes e Furiosos 10;Fast X;2023;5.8;Ação;Dom Toretto e sua família são alvo do filho vingativo do traficante Hernan Reyes.
A Origem;Inception;2010;8.8;Ação;Um ladrão que rouba segredos corporativos através da tecnologia de entrar no subconsciente recebe a tarefa inversa de plantar uma idéia na mente do diretor de uma grande empresa.
M3gan;M3GAN;2022;6.4;Terror;Uma engenheira de robótica de uma empresa de brinquedos constrói uma boneca realista que começa a ganhar vida própria.
Mob Land;Mob Land;2023;5.3;Ação;Um jovem pai se mete em confusão depois que um assalto dá errado. Algumas dívidas não podem ser pagas com dinheiro.
Jurassic Park;Jurassic Park;1993;8.2;Ação;Durante um tour o parque sofre falta de energia eléctrica o que faz que um dinossauro clonado saia do seu claustro.
Harry Potter e a Pedra Filosofal;Harry Potter and the Sorcerer's Stone;2001;7.6;Aventura;Uma criança órfã se enrolla em uma escola de magia, onde ele aprende a verdade sobre si mesmo, sua família e o terrível mal que se esconde no mundo mágico.
Puppy Love;Puppy Love;2023;6.3;Comédia;Depois de um primeiro encontro desastroso, Nicole e Max prometem perder os números um do outro até descobrirem que seus cachorros são um casal amoroso com filhotes a caminho.
O Lobo de Wall Street;The Wolf of Wall Street;2013;8.2;Biografia;Baseada na verdadeira história de Jordan Belfort, desde sua ascensão como corretor de valores até a sua queda e envolvimento no crime e corrupção com o governo.
Tombstone: A Justiça Está Chegando;Tombstone;1993;7.8;Biografia;Os planos de um oficial da lei bem sucedido para se aposentar anonimamente em Tombstone, Arizona, são perturbados pelo tipo de fora-da-lei que ele costumava eliminar.
Fogo Contra Fogo;Heat;1995;8.3;Ação;Um grupo de profissionais roubando bancos sospeitam que a polícia está tráis deles quando deixam uma pista no seu último roubo.
Titanic;Titanic;1997;7.9;Drama;Uma aristocrata de dezessete anos se apaixona por um artista gentil mas pobre a bordo do luxuoso e desafortunado Titanic.
Reptile;Reptile;2023;;Policial;Nichols, a hardened New England detective unflinching in his pursuit of a case where nothing is as it seems, one that begins to dismantle the illusions in his own life.
Top Gun: Maverick;Top Gun: Maverick;2022;8.3;Ação;Após mais de trinta anos de serviço como um dos melhores aviadores da Marinha, Pete Mitchell está onde pertence, ultrapassando os limites como um piloto de teste intrépido e evitando a promoção de posto que o manteria em terra.
Casamento Grego 3;My Big Fat Greek Wedding 3;2023;;Comédia;After travelling to Greece for a family reunion, a woman attempts to locate her deceased father's childhood friends.
Duna: Parte Dois;Dune: Part Two;2024;;Ação;Um menino se torna o Messias dos nômades em um planeta deserto, com vermes gigantes que protegem uma mercadoria chamada Spice.
Minha Culpa;My Fault;2023;6.2;Drama;Uma jovem tem que deixar sua cidade, namorado e amigos para trás e se mudar para a mansão do novo marido rico de sua mãe. Lá ela conhece Nick, seu novo meio-irmão. Eles se apaixonam loucamente em segredo.
Era Uma Vez Em... Hollywood;Once Upon a Time in Hollywood;2019;7.6;Comédia;Um ator de televisão apagado e seu dublê se esforçam para alcançar a fama e o sucesso na indústria cinematográfica durante os anos finais da Era de Ouro de Hollywood.
Pulp Fiction - Tempo de Violência;Pulp Fiction;1994;8.9;Policial;As vidas de dois assassinos da máfia, um boxeador, um gângster e sua esposa, e um par de bandidos se entrelaçam em quatro histórias de violência e redenção.
Tudo em Todo o Lugar ao Mesmo Tempo;Everything Everywhere All at Once;2022;7.8;Ação;Uma imigrante chinesa de meia idade se envolve em uma aventura louca, onde só ela pode salvar o mundo explorando outros universos que se conectam com as vidas que ela poderia ter levado.
Homem-aranha: Lotus;Spider-Man: Lotus;2023;3.4;Ação;Após a morte de sua namorada, Peter Parker se culpa, questionando se seu alter-ego deve ser esquecido. Ele recebe a notícia de que uma criança doente, queria conhecer o incrível, Homem-Aranha, em seus últimos momentos.
The Marsh King's Daughter;The Marsh King's Daughter;2023;;Policial;A woman seeks revenge against the man who kidnapped her mother.
O Rei Macaco;The Monkey King;2023;5.8;Animação;Segue um macaco cheio de carisma e seu bastão mágico. Os dois embarcam em uma aventura épica, lutando contra 100 demônios, um excêntrico Rei Dragão e o maior inimigo do macaco: seu próprio ego.
Gladiador;Gladiator;2000;8.5;Ação;Um general romano planeja a melhor vingança contra o imperador corrupto que matou sua familia e o fez escravo.
Midsommar: O Mal Não Espera a Noite;Midsommar;2019;7.1;Drama;Casal viaja a Suécia para conhecer lendário festival do solstício de verão numa vila rural. O que começa como um retiro idílico se transforma rapidamente em uma competição cada vez mais violenta e bizarra nas mãos de uma seita pagã.
